Data,Medicamento,Categoria,Preço,Cidade,Vendedor,id_cliente
2024-01-15,Paracetamol 500mg,Analgésico,R$ 8.50,São Paulo,Carlos Silva,CLI001
2024-01-15,Ibuprofeno 600mg,Anti-inflamatório,R$ 12.30,Rio de Janeiro,Ana Santos,CLI002
2024-01-16,Omeprazol 20mg,Antiácido,R$ 15.80,Belo Horizonte,Roberto Lima,CLI003
2024-01-16,Losartana 50mg,Anti-hipertensivo,R$ 18.90,Curitiba,Mariana Costa,CLI004
2024-01-17,Metformina 850mg,Antidiabético,R$ 22.40,Porto Alegre,Carlos Silva,CLI005
2024-01-17,Amoxicilina 500mg,Antibiótico,R$ 28.70,São Paulo,Ana Santos,CLI006
2024-01-18,Dipirona 500mg,Analgésico,R$ 6.90,Rio de Janeiro,Roberto Lima,CLI007
2024-01-18,Enalapril 10mg,Anti-hipertensivo,R$ 14.50,Belo Horizonte,Mariana Costa,CLI008
2024-01-19,Sinvastatina 20mg,Hipolipemiante,R$ 19.80,Curitiba,Carlos Silva,CLI009
2024-01-19,Captopril 25mg,Anti-hipertensivo,R$ 11.20,Porto Alegre,Ana Santos,CLI010
2024-01-20,Fluoxetina 20mg,Antidepressivo,R$ 16.50,São Paulo,Roberto Lima,CLI011
2024-01-20,Clonazepam 2mg,Ansiolítico,R$ 24.30,Rio de Janeiro,Mariana Costa,CLI012
2024-01-21,Diclofenaco 50mg,Anti-inflamatório,R$ 13.70,Belo Horizonte,Carlos Silva,CLI013
2024-01-21,Ranitidina 150mg,Antiácido,R$ 17.90,Curitiba,Ana Santos,CLI014
2024-01-22,Atorvastatina 10mg,Hipolipemiante,R$ 21.60,Porto Alegre,Roberto Lima,CLI015
2024-01-22,Levotiroxina 50mcg,Hormônio tireoidiano,R$ 19.40,São Paulo,Mariana Costa,CLI016
2024-01-23,Cetirizina 10mg,Antialérgico,R$ 9.80,Rio de Janeiro,Carlos Silva,CLI017
2024-01-23,Prednisona 20mg,Corticosteroide,R$ 14.90,Belo Horizonte,Ana Santos,CLI018
2024-01-24,Azitromicina 500mg,Antibiótico,R$ 32.50,Curitiba,Roberto Lima,CLI019
2024-01-24,Dexametasona 4mg,Corticosteroide,R$ 11.80,Porto Alegre,Mariana Costa,CLI020
2024-01-25,Paracetamol 500mg,Analgésico,R$ 8.50,São Paulo,Carlos Silva,CLI021
2024-01-25,Hidroclorotiazida 25mg,Diurético,R$ 13.20,Rio de Janeiro,Ana Santos,CLI022
2024-01-26,Metronidazol 250mg,Antibiótico,R$ 15.60,Belo Horizonte,Roberto Lima,CLI023
2024-01-26,Propranolol 40mg,Beta-bloqueador,R$ 12.90,Curitiba,Mariana Costa,CLI024
2024-01-27,Glibenclamida 5mg,Antidiabético,R$ 10.50,Porto Alegre,Carlos Silva,CLI025
2024-01-27,Ibuprofeno 600mg,Anti-inflamatório,R$ 12.30,São Paulo,Ana Santos,CLI026
2024-01-28,Omeprazol 20mg,Antiácido,R$ 15.80,Rio de Janeiro,Roberto Lima,CLI027
2024-01-28,Losartana 50mg,Anti-hipertensivo,R$ 18.90,Belo Horizonte,Mariana Costa,CLI028
2024-01-29,Metformina 850mg,Antidiabético,R$ 22.40,Curitiba,Carlos Silva,CLI029
2024-01-29,Amoxicilina 500mg,Antibiótico,R$ 28.70,Porto Alegre,Ana Santos,CLI030
2024-01-30,Dipirona 500mg,Analgésico,R$ 6.90,São Paulo,Roberto Lima,CLI031
2024-01-30,Enalapril 10mg,Anti-hipertensivo,R$ 14.50,Rio de Janeiro,Mariana Costa,CLI032
2024-01-31,Sinvastatina 20mg,Hipolipemiante,R$ 19.80,Belo Horizonte,Carlos Silva,CLI033
2024-01-31,Captopril 25mg,Anti-hipertensivo,R$ 11.20,Curitiba,Ana Santos,CLI034
2024-02-01,Fluoxetina 20mg,Antidepressivo,R$ 16.50,Porto Alegre,Roberto Lima,CLI035
2024-02-01,Clonazepam 2mg,Ansiolítico,R$ 24.30,São Paulo,Mariana Costa,CLI036
2024-02-02,Diclofenaco 50mg,Anti-inflamatório,R$ 13.70,Rio de Janeiro,Carlos Silva,CLI037
2024-02-02,Ranitidina 150mg,Antiácido,R$ 17.90,Belo Horizonte,Ana Santos,CLI038
2024-02-03,Atorvastatina 10mg,Hipolipemiante,R$ 21.60,Curitiba,Roberto Lima,CLI039
2024-02-03,Levotiroxina 50mcg,Hormônio tireoidiano,R$ 19.40,Porto Alegre,Mariana Costa,CLI040
2024-02-04,Cetirizina 10mg,Antialérgico,R$ 9.80,São Paulo,Carlos Silva,CLI041
2024-02-04,Prednisona 20mg,Corticosteroide,R$ 14.90,Rio de Janeiro,Ana Santos,CLI042
2024-02-05,Azitromicina 500mg,Antibiótico,R$ 32.50,Belo Horizonte,Roberto Lima,CLI043
2024-02-05,Dexametasona 4mg,Corticosteroide,R$ 11.80,Curitiba,Mariana Costa,CLI044
2024-02-06,Paracetamol 500mg,Analgésico,R$ 8.50,Porto Alegre,Carlos Silva,CLI045
2024-02-06,Hidroclorotiazida 25mg,Diurético,R$ 13.20,São Paulo,Ana Santos,CLI046
2024-02-07,Metronidazol 250mg,Antibiótico,R$ 15.60,Rio de Janeiro,Roberto Lima,CLI047
2024-02-07,Propranolol 40mg,Beta-bloqueador,R$ 12.90,Belo Horizonte,Mariana Costa,CLI048
2024-02-08,Glibenclamida 5mg,Antidiabético,R$ 10.50,Curitiba,Mariana Costa,CLI049
2024-02-08,Ibuprofeno 600mg,Anti-inflamatório,R$ 12.30,Porto Alegre,Carlos Silva,CLI050
2024-02-09,Omeprazol 20mg,Antiácido,R$ 15.80,São Paulo,Roberto Lima,CLI051
2024-02-09,Losartana 50mg,Anti-hipertensivo,R$ 18.90,Rio de Janeiro,Mariana Costa,CLI052
2024-02-10,Metformina 850mg,Antidiabético,R$ 22.40,Belo Horizonte,Carlos Silva,CLI053
2024-02-10,Amoxicilina 500mg,Antibiótico,R$ 28.70,Curitiba,Ana Santos,CLI054
2024-02-11,Dipirona 500mg,Analgésico,R$ 6.90,Porto Alegre,Roberto Lima,CLI055
2024-02-11,Enalapril 10mg,Anti-hipertensivo,R$ 14.50,São Paulo,Mariana Costa,CLI056
2024-02-12,Sinvastatina 20mg,Hipolipemiante,R$ 19.80,Rio de Janeiro,Carlos Silva,CLI057
2024-02-12,Captopril 25mg,Anti-hipertensivo,R$ 11.20,Belo Horizonte,Ana Santos,CLI058
2024-02-13,Fluoxetina 20mg,Antidepressivo,R$ 16.50,Curitiba,Roberto Lima,CLI059
2024-02-13,Clonazepam 2mg,Ansiolítico,R$ 24.30,Porto Alegre,Ana Santos,CLI060
2024-02-14,Diclofenaco 50mg,Anti-inflamatório,R$ 13.70,São Paulo,Mariana Costa,CLI061
2024-02-14,Ranitidina 150mg,Antiácido,R$ 17.90,Rio de Janeiro,Carlos Silva,CLI062
2024-02-15,Atorvastatina 10mg,Hipolipemiante,R$ 21.60,Belo Horizonte,Ana Santos,CLI063
2024-02-15,Levotiroxina 50mcg,Hormônio tireoidiano,R$ 19.40,Curitiba,Roberto Lima,CLI064
2024-02-16,Cetirizina 10mg,Antialérgico,R$ 9.80,Porto Alegre,Mariana Costa,CLI065
2024-02-16,Prednisona 20mg,Corticosteroide,R$ 14.90,São Paulo,Carlos Silva,CLI066
2024-02-17,Azitromicina 500mg,Antibiótico,R$ 32.50,Rio de Janeiro,Ana Santos,CLI067
2024-02-17,Dexametasona 4mg,Corticosteroide,R$ 11.80,Belo Horizonte,Roberto Lima,CLI068
2024-02-18,Paracetamol 500mg,Analgésico,R$ 8.50,Curitiba,Mariana Costa,CLI069
2024-02-18,Hidroclorotiazida 25mg,Diurético,R$ 13.20,Porto Alegre,Carlos Silva,CLI070
2024-02-19,Metronidazol 250mg,Antibiótico,R$ 15.60,São Paulo,Ana Santos,CLI071
2024-02-19,Propranolol 40mg,Beta-bloqueador,R$ 12.90,Rio de Janeiro,Roberto Lima,CLI072
2024-02-20,Glibenclamida 5mg,Antidiabético,R$ 10.50,Belo Horizonte,Mariana Costa,CLI073
2024-02-20,Ibuprofeno 600mg,Anti-inflamatório,R$ 12.30,Curitiba,Carlos Silva,CLI074
2024-02-21,Omeprazol 20mg,Antiácido,R$ 15.80,Porto Alegre,Ana Santos,CLI075
2024-02-21,Losartana 50mg,Anti-hipertensivo,R$ 18.90,São Paulo,Roberto Lima,CLI076
2024-02-22,Metformina 850mg,Antidiabético,R$ 22.40,Rio de Janeiro,Mariana Costa,CLI077
2024-02-22,Amoxicilina 500mg,Antibiótico,R$ 28.70,Belo Horizonte,Carlos Silva,CLI078
2024-02-23,Dipirona 500mg,Analgésico,R$ 6.90,Curitiba,Ana Santos,CLI079
2024-02-23,Enalapril 10mg,Anti-hipertensivo,R$ 14.50,Porto Alegre,Roberto Lima,CLI080
2024-02-24,Sinvastatina 20mg,Hipolipemiante,R$ 19.80,São Paulo,Mariana Costa,CLI081
2024-02-24,Captopril 25mg,Anti-hipertensivo,R$ 11.20,Rio de Janeiro,Carlos Silva,CLI082
2024-02-25,Fluoxetina 20mg,Antidepressivo,R$ 16.50,Belo Horizonte,Ana Santos,CLI083
2024-02-25,Clonazepam 2mg,Ansiolítico,R$ 24.30,Curitiba,Roberto Lima,CLI084
2024-02-26,Diclofenaco 50mg,Anti-inflamatório,R$ 13.70,Porto Alegre,Mariana Costa,CLI085
2024-02-26,Ranitidina 150mg,Antiácido,R$ 17.90,São Paulo,Carlos Silva,CLI086
2024-02-27,Atorvastatina 10mg,Hipolipemiante,R$ 21.60,Rio de Janeiro,Ana Santos,CLI087
2024-02-27,Levotiroxina 50mcg,Hormônio tireoidiano,R$ 19.40,Belo Horizonte,Roberto Lima,CLI088
2024-02-28,Cetirizina 10mg,Antialérgico,R$ 9.80,Curitiba,Mariana Costa,CLI089
2024-02-28,Prednisona 20mg,Corticosteroide,R$ 14.90,Porto Alegre,Carlos Silva,CLI090
2024-02-29,Azitromicina 500mg,Antibiótico,R$ 32.50,São Paulo,Ana Santos,CLI091
2024-02-29,Dexametasona 4mg,Corticosteroide,R$ 11.80,Rio de Janeiro,Roberto Lima,CLI092
2024-03-01,Paracetamol 500mg,Analgésico,R$ 8.50,Belo Horizonte,Mariana Costa,CLI093
2024-03-01,Hidroclorotiazida 25mg,Diurético,R$ 13.20,Curitiba,Carlos Silva,CLI094
2024-03-02,Metronidazol 250mg,Antibiótico,R$ 15.60,Porto Alegre,Ana Santos,CLI095
2024-03-02,Propranolol 40mg,Beta-bloqueador,R$ 12.90,São Paulo,Roberto Lima,CLI096
2024-03-03,Glibenclamida 5mg,Antidiabético,R$ 10.50,Rio de Janeiro,Mariana Costa,CLI097
2024-03-03,Ibuprofeno 600mg,Anti-inflamatório,R$ 12.30,Belo Horizonte,Carlos Silva,CLI098
2024-03-04,Omeprazol 20mg,Antiácido,R$ 15.80,Curitiba,Ana Santos,CLI099
2024-03-04,Losartana 50mg,Anti-hipertensivo,R$ 18.90,Porto Alegre,Roberto Lima,CLI100
2024-03-05,Metformina 850mg,Antidiabético,R$ 22.40,São Paulo,Mariana Costa,CLI101
2024-03-05,Amoxicilina 500mg,Antibiótico,R$ 28.70,Rio de Janeiro,Carlos Silva,CLI102
2024-03-06,Dipirona 500mg,Analgésico,R$ 6.90,Belo Horizonte,Ana Santos,CLI103
2024-03-06,Enalapril 10mg,Anti-hipertensivo,R$ 14.50,Curitiba,Roberto Lima,CLI104
2024-03-07,Sinvastatina 20mg,Hipolipemiante,R$ 19.80,Porto Alegre,Mariana Costa,CLI105
2024-03-07,Captopril 25mg,Anti-hipertensivo,R$ 11.20,São Paulo,Carlos Silva,CLI106
2024-03-08,Fluoxetina 20mg,Antidepressivo,R$ 16.50,Rio de Janeiro,Ana Santos,CLI107
2024-03-08,Clonazepam 2mg,Ansiolítico,R$ 24.30,Belo Horizonte,Roberto Lima,CLI108
2024-03-09,Diclofenaco 50mg,Anti-inflamatório,R$ 13.70,Curitiba,Mariana Costa,CLI109
2024-03-09,Ranitidina 150mg,Antiácido,R$ 17.90,Porto Alegre,Carlos Silva,CLI110
2024-03-10,Atorvastatina 10mg,Hipolipemiante,R$ 21.60,São Paulo,Ana Santos,CLI111
2024-03-10,Levotiroxina 50mcg,Hormônio tireoidiano,R$ 19.40,Rio de Janeiro,Roberto Lima,CLI112
2024-03-11,Cetirizina 10mg,Antialérgico,R$ 9.80,Belo Horizonte,Mariana Costa,CLI113
2024-03-11,Prednisona 20mg,Corticosteroide,R$ 14.90,Curitiba,Carlos Silva,CLI114
2024-03-12,Azitromicina 500mg,Antibiótico,R$ 32.50,Porto Alegre,Ana Santos,CLI115
2024-03-12,Dexametasona 4mg,Corticosteroide,R$ 11.80,São Paulo,Roberto Lima,CLI116
2024-03-13,Paracetamol 500mg,Analgésico,R$ 8.50,Rio de Janeiro,Mariana Costa,CLI117
2024-03-13,Hidroclorotiazida 25mg,Diurético,R$ 13.20,Belo Horizonte,Carlos Silva,CLI118
2024-03-14,Metronidazol 250mg,Antibiótico,R$ 15.60,Curitiba,Ana Santos,CLI119
2024-03-14,Propranolol 40mg,Beta-bloqueador,R$ 12.90,Porto Alegre,Roberto Lima,CLI120
2024-03-15,Glibenclamida 5mg,Antidiabético,R$ 10.50,São Paulo,Mariana Costa,CLI121
2024-03-15,Ibuprofeno 600mg,Anti-inflamatório,R$ 12.30,Rio de Janeiro,Carlos Silva,CLI122
2024-03-16,Omeprazol 20mg,Antiácido,R$ 15.80,Belo Horizonte,Ana Santos,CLI123
2024-03-16,Losartana 50mg,Anti-hipertensivo,R$ 18.90,Curitiba,Roberto Lima,CLI124
2024-03-17,Metformina 850mg,Antidiabético,R$ 22.40,Porto Alegre,Mariana Costa,CLI125
2024-03-17,Amoxicilina 500mg,Antibiótico,R$ 28.70,São Paulo,Carlos Silva,CLI126
2024-03-18,Dipirona 500mg,Analgésico,R$ 6.90,Rio de Janeiro,Ana Santos,CLI127
2024-03-18,Enalapril 10mg,Anti-hipertensivo,R$ 14.50,Belo Horizonte,Roberto Lima,CLI128
2024-03-19,Sinvastatina 20mg,Hipolipemiante,R$ 19.80,Curitiba,Mariana Costa,CLI129
2024-03-19,Captopril 25mg,Anti-hipertensivo,R$ 11.20,Porto Alegre,Carlos Silva,CLI130
2024-03-20,Fluoxetina 20mg,Antidepressivo,R$ 16.50,São Paulo,Ana Santos,CLI131
2024-03-20,Clonazepam 2mg,Ansiolítico,R$ 24.30,Rio de Janeiro,Roberto Lima,CLI132
2024-03-21,Diclofenaco 50mg,Anti-inflamatório,R$ 13.70,Belo Horizonte,Mariana Costa,CLI133
2024-03-21,Ranitidina 150mg,Antiácido,R$ 17.90,Curitiba,Carlos Silva,CLI134
2024-03-22,Atorvastatina 10mg,Hipolipemiante,R$ 21.60,Porto Alegre,Ana Santos,CLI135
2024-03-22,Levotiroxina 50mcg,Hormônio tireoidiano,R$ 19.40,São Paulo,Roberto Lima,CLI136
2024-03-23,Cetirizina 10mg,Antialérgico,R$ 9.80,Rio de Janeiro,Mariana Costa,CLI137
2024-03-23,Prednisona 20mg,Corticosteroide,R$ 14.90,Belo Horizonte,Carlos Silva,CLI138
2024-03-24,Azitromicina 500mg,Antibiótico,R$ 32.50,Curitiba,Ana Santos,CLI139
2024-03-24,Dexametasona 4mg,Corticosteroide,R$ 11.80,Porto Alegre,Roberto Lima,CLI140
2024-03-25,Paracetamol 500mg,Analgésico,R$ 8.50,São Paulo,Mariana Costa,CLI141
2024-03-25,Hidroclorotiazida 25mg,Diurético,R$ 13.20,Rio de Janeiro,Carlos Silva,CLI142
2024-03-26,Metronidazol 250mg,Antibiótico,R$ 15.60,Belo Horizonte,Ana Santos,CLI143
2024-03-26,Propranolol 40mg,Beta-bloqueador,R$ 12.90,Curitiba,Roberto Lima,CLI144
2024-03-27,Glibenclamida 5mg,Antidiabético,R$ 10.50,Porto Alegre,Mariana Costa,CLI145
2024-03-27,Ibuprofeno 600mg,Anti-inflamatório,R$ 12.30,São Paulo,Carlos Silva,CLI146
2024-03-28,Omeprazol 20mg,Antiácido,R$ 15.80,Rio de Janeiro,Ana Santos,CLI147
2024-03-28,Losartana 50mg,Anti-hipertensivo,R$ 18.90,Belo Horizonte,Roberto Lima,CLI148
2024-03-29,Metformina 850mg,Antidiabético,R$ 22.40,Curitiba,Mariana Costa,CLI149
2024-03-29,Amoxicilina 500mg,Antibiótico,R$ 28.70,Porto Alegre,Carlos Silva,CLI150
2024-03-30,Dipirona 500mg,Analgésico,R$ 6.90,São Paulo,Ana Santos,CLI151
2024-03-30,Enalapril 10mg,Anti-hipertensivo,R$ 14.50,Rio de Janeiro,Roberto Lima,CLI152
2024-03-31,Sinvastatina 20mg,Hipolipemiante,R$ 19.80,Belo Horizonte,Mariana Costa,CLI153
2024-03-31,Captopril 25mg,Anti-hipertensivo,R$ 11.20,Curitiba,Carlos Silva,CLI154
2024-04-01,Fluoxetina 20mg,Antidepressivo,R$ 16.50,Porto Alegre,Ana Santos,CLI155
2024-04-01,Clonazepam 2mg,Ansiolítico,R$ 24.30,São Paulo,Roberto Lima,CLI156
2024-04-02,Diclofenaco 50mg,Anti-inflamatório,R$ 13.70,Rio de Janeiro,Mariana Costa,CLI157
2024-04-02,Ranitidina 150mg,Antiácido,R$ 17.90,Belo Horizonte,Carlos Silva,CLI158
2024-04-03,Atorvastatina 10mg,Hipolipemiante,R$ 21.60,Curitiba,Ana Santos,CLI159
2024-04-03,Levotiroxina 50mcg,Hormônio tireoidiano,R$ 19.40,Porto Alegre,Roberto Lima,CLI160
2024-04-04,Cetirizina 10mg,Antialérgico,R$ 9.80,São Paulo,Mariana Costa,CLI161
2024-04-04,Prednisona 20mg,Corticosteroide,R$ 14.90,Rio de Janeiro,Carlos Silva,CLI162
2024-04-05,Azitromicina 500mg,Antibiótico,R$ 32.50,Belo Horizonte,Ana Santos,CLI163
2024-04-05,Dexametasona 4mg,Corticosteroide,R$ 11.80,Curitiba,Roberto Lima,CLI164
2024-04-06,Paracetamol 500mg,Analgésico,R$ 8.50,Porto Alegre,Mariana Costa,CLI165
2024-04-06,Hidroclorotiazida 25mg,Diurético,R$ 13.20,São Paulo,Carlos Silva,CLI166
2024-04-07,Metronidazol 250mg,Antibiótico,R$ 15.60,Rio de Janeiro,Ana Santos,CLI167
2024-04-07,Propranolol 40mg,Beta-bloqueador,R$ 12.90,Belo Horizonte,Roberto Lima,CLI168
2024-04-08,Glibenclamida 5mg,Antidiabético,R$ 10.50,Curitiba,Mariana Costa,CLI169
2024-04-08,Ibuprofeno 600mg,Anti-inflamatório,R$ 12.30,Porto Alegre,Carlos Silva,CLI170
2024-04-09,Omeprazol 20mg,Antiácido,R$ 15.80,São Paulo,Ana Santos,CLI171
2024-04-09,Losartana 50mg,Anti-hipertensivo,R$ 18.90,Rio de Janeiro,Roberto Lima,CLI172
2024-04-10,Metformina 850mg,Antidiabético,R$ 22.40,Belo Horizonte,Mariana Costa,CLI173
2024-04-10,Amoxicilina 500mg,Antibiótico,R$ 28.70,Curitiba,Carlos Silva,CLI174
2024-04-11,Dipirona 500mg,Analgésico,R$ 6.90,Porto Alegre,Ana Santos,CLI175
2024-04-11,Enalapril 10mg,Anti-hipertensivo,R$ 14.50,São Paulo,Roberto Lima,CLI176
2024-04-12,Sinvastatina 20mg,Hipolipemiante,R$ 19.80,Rio de Janeiro,Mariana Costa,CLI177
2024-04-12,Captopril 25mg,Anti-hipertensivo,R$ 11.20,Belo Horizonte,Carlos Silva,CLI178
2024-04-13,Fluoxetina 20mg,Antidepressivo,R$ 16.50,Curitiba,Ana Santos,CLI179
2024-04-13,Clonazepam 2mg,Ansiolítico,R$ 24.30,Porto Alegre,Roberto Lima,CLI180
2024-04-14,Diclofenaco 50mg,Anti-inflamatório,R$ 13.70,São Paulo,Mariana Costa,CLI181
2024-04-14,Ranitidina 150mg,Antiácido,R$ 17.90,Rio de Janeiro,Carlos Silva,CLI182
2024-04-15,Atorvastatina 10mg,Hipolipemiante,R$ 21.60,Belo Horizonte,Ana Santos,CLI183
2024-04-15,Levotiroxina 50mcg,Hormônio tireoidiano,R$ 19.40,Curitiba,Roberto Lima,CLI184
2024-04-16,Cetirizina 10mg,Antialérgico,R$ 9.80,Porto Alegre,Mariana Costa,CLI185
2024-04-16,Prednisona 20mg,Corticosteroide,R$ 14.90,São Paulo,Carlos Silva,CLI186
2024-04-17,Azitromicina 500mg,Antibiótico,R$ 32.50,Rio de Janeiro,Ana Santos,CLI187
2024-04-17,Dexametasona 4mg,Corticosteroide,R$ 11.80,Belo Horizonte,Roberto Lima,CLI188
2024-04-18,Paracetamol 500mg,Analgésico,R$ 8.50,Curitiba,Mariana Costa,CLI189
2024-04-18,Hidroclorotiazida 25mg,Diurético,R$ 13.20,Porto Alegre,Carlos Silva,CLI190
2024-04-19,Metronidazol 250mg,Antibiótico,R$ 15.60,São Paulo,Ana Santos,CLI191
2024-04-19,Propranolol 40mg,Beta-bloqueador,R$ 12.90,Rio de Janeiro,Roberto Lima,CLI192
2024-04-20,Glibenclamida 5mg,Antidiabético,R$ 10.50,Belo Horizonte,Mariana Costa,CLI193
2024-04-20,Ibuprofeno 600mg,Anti-inflamatório,R$ 12.30,Curitiba,Carlos Silva,CLI194
2024-04-21,Omeprazol 20mg,Antiácido,R$ 15.80,Porto Alegre,Ana Santos,CLI195
2024-04-21,Losartana 50mg,Anti-hipertensivo,R$ 18.90,São Paulo,Roberto Lima,CLI196
2024-04-22,Metformina 850mg,Antidiabético,R$ 22.40,Rio de Janeiro,Mariana Costa,CLI197
2024-04-22,Amoxicilina 500mg,Antibiótico,R$ 28.70,Belo Horizonte,Carlos Silva,CLI198
2024-04-23,Dipirona 500mg,Analgésico,R$ 6.90,Curitiba,Ana Santos,CLI199
2024-04-23,Enalapril 10mg,Anti-hipertensivo,R$ 14.50,Porto Alegre,Roberto Lima,CLI200
2024-04-24,Sinvastatina 20mg,Hipolipemiante,R$ 19.80,São Paulo,Mariana Costa,CLI201
2024-04-24,Captopril 25mg,Anti-hipertensivo,R$ 11.20,Rio de Janeiro,Carlos Silva,CLI202
2024-04-25,Fluoxetina 20mg,Antidepressivo,R$ 16.50,Belo Horizonte,Ana Santos,CLI203
2024-04-25,Clonazepam 2mg,Ansiolítico,R$ 24.30,Curitiba,Roberto Lima,CLI204
2024-04-26,Diclofenaco 50mg,Anti-inflamatório,R$ 13.70,Porto Alegre,Mariana Costa,CLI205
2024-04-26,Ranitidina 150mg,Antiácido,R$ 17.90,São Paulo,Carlos Silva,CLI206
2024-04-27,Atorvastatina 10mg,Hipolipemiante,R$ 21.60,Rio de Janeiro,Ana Santos,CLI207
2024-04-27,Levotiroxina 50mcg,Hormônio tireoidiano,R$ 19.40,Belo Horizonte,Roberto Lima,CLI208
2024-04-28,Cetirizina 10mg,Antialérgico,R$ 9.80,Curitiba,Mariana Costa,CLI209
2024-04-28,Prednisona 20mg,Corticosteroide,R$ 14.90,Porto Alegre,Carlos Silva,CLI210
2024-04-29,Azitromicina 500mg,Antibiótico,R$ 32.50,São Paulo,Ana Santos,CLI211
2024-04-29,Dexametasona 4mg,Corticosteroide,R$ 11.80,Rio de Janeiro,Roberto Lima,CLI212
2024-04-30,Paracetamol 500mg,Analgésico,R$ 8.50,Belo Horizonte,Mariana Costa,CLI213
2024-04-30,Hidroclorotiazida 25mg,Diurético,R$ 13.20,Curitiba,Carlos Silva,CLI214
2024-05-01,Metronidazol 250mg,Antibiótico,R$ 15.60,Porto Alegre,Ana Santos,CLI215
2024-05-01,Propranolol 40mg,Beta-bloqueador,R$ 12.90,São Paulo,Roberto Lima,CLI216
2024-05-02,Glibenclamida 5mg,Antidiabético,R$ 10.50,Rio de Janeiro,Mariana Costa,CLI217
2024-05-02,Ibuprofeno 600mg,Anti-inflamatório,R$ 12.30,Belo Horizonte,Carlos Silva,CLI218
2024-05-03,Omeprazol 20mg,Antiácido,R$ 15.80,Curitiba,Ana Santos,CLI219
2024-05-03,Losartana 50mg,Anti-hipertensivo,R$ 18.90,Porto Alegre,Roberto Lima,CLI220
2024-05-04,Metformina 850mg,Antidiabético,R$ 22.40,São Paulo,Mariana Costa,CLI221
2024-05-04,Amoxicilina 500mg,Antibiótico,R$ 28.70,Rio de Janeiro,Carlos Silva,CLI222
2024-05-05,Dipirona 500mg,Analgésico,R$ 6.90,Belo Horizonte,Ana Santos,CLI223
2024-05-05,Enalapril 10mg,Anti-hipertensivo,R$ 14.50,Curitiba,Roberto Lima,CLI224
2024-05-06,Sinvastatina 20mg,Hipolipemiante,R$ 19.80,Porto Alegre,Mariana Costa,CLI225
2024-05-06,Captopril 25mg,Anti-hipertensivo,R$ 11.20,São Paulo,Carlos Silva,CLI226
2024-05-07,Fluoxetina 20mg,Antidepressivo,R$ 16.50,Rio de Janeiro,Ana Santos,CLI227
2024-05-07,Clonazepam 2mg,Ansiolítico,R$ 24.30,Belo Horizonte,Roberto Lima,CLI228
2024-05-08,Diclofenaco 50mg,Anti-inflamatório,R$ 13.70,Curitiba,Mariana Costa,CLI229
2024-05-08,Ranitidina 150mg,Antiácido,R$ 17.90,Porto Alegre,Carlos Silva,CLI230
2024-05-09,Atorvastatina 10mg,Hipolipemiante,R$ 21.60,São Paulo,Ana Santos,CLI231
2024-05-09,Levotiroxina 50mcg,Hormônio tireoidiano,R$ 19.40,Rio de Janeiro,Roberto Lima,CLI232
2024-05-10,Cetirizina 10mg,Antialérgico,R$ 9.80,Belo Horizonte,Mariana Costa,CLI233
2024-05-10,Prednisona 20mg,Corticosteroide,R$ 14.90,Curitiba,Carlos Silva,CLI234
2024-05-11,Azitromicina 500mg,Antibiótico,R$ 32.50,Porto Alegre,Ana Santos,CLI235
2024-05-11,Dexametasona 4mg,Corticosteroide,R$ 11.80,São Paulo,Roberto Lima,CLI236
2024-05-12,Paracetamol 500mg,Analgésico,R$ 8.50,Rio de Janeiro,Mariana Costa,CLI237
2024-05-12,Hidroclorotiazida 25mg,Diurético,R$ 13.20,Belo Horizonte,Carlos Silva,CLI238
2024-05-13,Metronidazol 250mg,Antibiótico,R$ 15.60,Curitiba,Ana Santos,CLI239
2024-05-13,Propranolol 40mg,Beta-bloqueador,R$ 12.90,Porto Alegre,Roberto Lima,CLI240
2024-05-14,Glibenclamida 5mg,Antidiabético,R$ 10.50,São Paulo,Mariana Costa,CLI241
2024-05-14,Ibuprofeno 600mg,Anti-inflamatório,R$ 12.30,Rio de Janeiro,Carlos Silva,CLI242
2024-05-15,Omeprazol 20mg,Antiácido,R$ 15.80,Belo Horizonte,Ana Santos,CLI243
2024-05-15,Losartana 50mg,Anti-hipertensivo,R$ 18.90,Curitiba,Roberto Lima,CLI244
2024-05-16,Metformina 850mg,Antidiabético,R$ 22.40,Porto Alegre,Mariana Costa,CLI245
2024-05-16,Amoxicilina 500mg,Antibiótico,R$ 28.70,São Paulo,Carlos Silva,CLI246
2024-05-17,Dipirona 500mg,Analgésico,R$ 6.90,Rio de Janeiro,Ana Santos,CLI247
2024-05-17,Enalapril 10mg,Anti-hipertensivo,R$ 14.50,Belo Horizonte,Roberto Lima,CLI248
2024-05-18,Sinvastatina 20mg,Hipolipemiante,R$ 19.80,Curitiba,Mariana Costa,CLI249
2024-05-18,Captopril 25mg,Anti-hipertensivo,R$ 11.20,Porto Alegre,Carlos Silva,CLI250
2024-05-19,Fluoxetina 20mg,Antidepressivo,R$ 16.50,São Paulo,Ana Santos,CLI251
2024-05-19,Clonazepam 2mg,Ansiolítico,R$ 24.30,Rio de Janeiro,Roberto Lima,CLI252
2024-05-20,Diclofenaco 50mg,Anti-inflamatório,R$ 13.70,Belo Horizonte,Mariana Costa,CLI253
2024-05-20,Ranitidina 150mg,Antiácido,R$ 17.90,Curitiba,Carlos Silva,CLI254
2024-05-21,Atorvastatina 10mg,Hipolipemiante,R$ 21.60,Porto Alegre,Ana Santos,CLI255
2024-05-21,Levotiroxina 50mcg,Hormônio tireoidiano,R$ 19.40,São Paulo,Roberto Lima,CLI256
2024-05-22,Cetirizina 10mg,Antialérgico,R$ 9.80,Rio de Janeiro,Mariana Costa,CLI257
2024-05-22,Prednisona 20mg,Corticosteroide,R$ 14.90,Belo Horizonte,Carlos Silva,CLI258
2024-05-23,Azitromicina 500mg,Antibiótico,R$ 32.50,Curitiba,Ana Santos,CLI259
2024-05-23,Dexametasona 4mg,Corticosteroide,R$ 11.80,Porto Alegre,Roberto Lima,CLI260
2024-05-24,Paracetamol 500mg,Analgésico,R$ 8.50,São Paulo,Mariana Costa,CLI261
2024-05-24,Hidroclorotiazida 25mg,Diurético,R$ 13.20,Rio de Janeiro,Carlos Silva,CLI262
2024-05-25,Metronidazol 250mg,Antibiótico,R$ 15.60,Belo Horizonte,Ana Santos,CLI263
2024-05-25,Propranolol 40mg,Beta-bloqueador,R$ 12.90,Curitiba,Roberto Lima,CLI264
2024-05-26,Glibenclamida 5mg,Antidiabético,R$ 10.50,Porto Alegre,Mariana Costa,CLI265
2024-05-26,Ibuprofeno 600mg,Anti-inflamatório,R$ 12.30,São Paulo,Carlos Silva,CLI266
2024-05-27,Omeprazol 20mg,Antiácido,R$ 15.80,Rio de Janeiro,Ana Santos,CLI267
2024-05-27,Losartana 50mg,Anti-hipertensivo,R$ 18.90,Belo Horizonte,Roberto Lima,CLI268
2024-05-28,Metformina 850mg,Antidiabético,R$ 22.40,Curitiba,Mariana Costa,CLI269
2024-05-28,Amoxicilina 500mg,Antibiótico,R$ 28.70,Porto Alegre,Carlos Silva,CLI270
2024-05-29,Dipirona 500mg,Analgésico,R$ 6.90,São Paulo,Ana Santos,CLI271
2024-05-29,Enalapril 10mg,Anti-hipertensivo,R$ 14.50,Rio de Janeiro,Roberto Lima,CLI272
2024-05-30,Sinvastatina 20mg,Hipolipemiante,R$ 19.80,Belo Horizonte,Mariana Costa,CLI273
2024-05-30,Captopril 25mg,Anti-hipertensivo,R$ 11.20,Curitiba,Carlos Silva,CLI274
2024-05-31,Fluoxetina 20mg,Antidepressivo,R$ 16.50,Porto Alegre,Ana Santos,CLI275
2024-05-31,Clonazepam 2mg,Ansiolítico,R$ 24.30,São Paulo,Roberto Lima,CLI276
2024-06-01,Diclofenaco 50mg,Anti-inflamatório,R$ 13.70,Rio de Janeiro,Mariana Costa,CLI277
2024-06-01,Ranitidina 150mg,Antiácido,R$ 17.90,Belo Horizonte,Carlos Silva,CLI278
2024-06-02,Atorvastatina 10mg,Hipolipemiante,R$ 21.60,Curitiba,Ana Santos,CLI279
2024-06-02,Levotiroxina 50mcg,Hormônio tireoidiano,R$ 19.40,Porto Alegre,Roberto Lima,CLI280
2024-06-03,Cetirizina 10mg,Antialérgico,R$ 9.80,São Paulo,Mariana Costa,CLI281
2024-06-03,Prednisona 20mg,Corticosteroide,R$ 14.90,Rio de Janeiro,Carlos Silva,CLI282
2024-06-04,Azitromicina 500mg,Antibiótico,R$ 32.50,Belo Horizonte,Ana Santos,CLI283
2024-06-04,Dexametasona 4mg,Corticosteroide,R$ 11.80,Curitiba,Roberto Lima,CLI284
2024-06-05,Paracetamol 500mg,Analgésico,R$ 8.50,Porto Alegre,Mariana Costa,CLI285
2024-06-05,Hidroclorotiazida 25mg,Diurético,R$ 13.20,São Paulo,Carlos Silva,CLI286
2024-06-06,Metronidazol 250mg,Antibiótico,R$ 15.60,Rio de Janeiro,Ana Santos,CLI287
2024-06-06,Propranolol 40mg,Beta-bloqueador,R$ 12.90,Belo Horizonte,Roberto Lima,CLI288
2024-06-07,Glibenclamida 5mg,Antidiabético,R$ 10.50,Curitiba,Mariana Costa,CLI289
2024-06-07,Ibuprofeno 600mg,Anti-inflamatório,R$ 12.30,Porto Alegre,Carlos Silva,CLI290
2024-06-08,Omeprazol 20mg,Antiácido,R$ 15.80,São Paulo,Ana Santos,CLI291
2024-06-08,Losartana 50mg,Anti-hipertensivo,R$ 18.90,Rio de Janeiro,Roberto Lima,CLI292
2024-06-09,Metformina 850mg,Antidiabético,R$ 22.40,Belo Horizonte,Mariana Costa,CLI293
2024-06-09,Amoxicilina 500mg,Antibiótico,R$ 28.70,Curitiba,Carlos Silva,CLI294
2024-06-10,Dipirona 500mg,Analgésico,R$ 6.90,Porto Alegre,Ana Santos,CLI295
2024-06-10,Enalapril 10mg,Anti-hipertensivo,R$ 14.50,São Paulo,Roberto Lima,CLI296
2024-06-11,Sinvastatina 20mg,Hipolipemiante,R$ 19.80,Rio de Janeiro,Mariana Costa,CLI297


